Workbook
Name Slicer_Product_ID_: #N/A

Sheet Sheet1
A3: =VLOOKUP(Sheet1!A7,Sheet1!A7:A25,1,FALSE) -> 1002
A5: Order ID | B5: Order Date | C5: Product ID | D5: Customer ID | E5: Units Sold
A6: 1001 | B6: 01/03/2025 | C6: P001 | D6: C001 | E6: 3
A7: 1002 | B7: 03/03/2025 | C7: P002 | D7: C002 | E7: 15
A8: 1003 | B8: 05/03/2025 | C8: P001 | D8: C003 | E8: 2
A9: 1004 | B9: 07/03/2025 | C9: P005 | D9: C001 | E9: 8
A10: 1005 | B10: 10/03/2025 | C10: P003 | D10: C004 | E10: 4
A11: 1006 | B11: 12/03/2025 | C11: P007 | D11: C002 | E11: 5
A12: 1007 | B12: 15/03/2025 | C12: P002 | D12: C005 | E12: 20
A13: 1008 | B13: 17/03/2025 | C13: P004 | D13: C003 | E13: 6
A14: 1009 | B14: 19/03/2025 | C14: P001 | D14: C006 | E14: 1
A15: 1010 | B15: 21/03/2025 | C15: P008 | D15: C001 | E15: 10
A16: 1011 | B16: 24/03/2025 | C16: P005 | D16: C004 | E16: 12
... A25: 1020 | B25: 15/04/2025 | C25: P001 | D25: C005 | E25: 4

Sheet Sheet2
A1: Product ID | B1: Product Name | C1: Category | D1: Std. Unit Price (€)
A2: P001 | B2: Laptop Pro X | C2: Electronics | D2: 1,200
A3: P002 | B3: Wireless Mouse | C3: Electronics | D3: 45
A4: P003 | B4: Standing Desk | C4: Furniture | D4: 600
A5: P004 | B5: Office Chair | C5: Furniture | D5: 250
A6: P005 | B6: Headphones | C6: Electronics | D6: 120
A7: P006 | B7: Webcam HD | C7: Electronics | D7: 90
A8: P007 | B8: Monitor 27" | C8: Electronics | D8: 400
A9: P008 | B9: Whiteboard | C9: Office Supplies | D9: 80
A10: P009 | B10: Printer Ink | C10: Office Supplies | D10: 25
A11: P010 | B11: Laptop Stand | C11: Accessories | D11: 75

Sheet Sheet3
A1: Customer ID | B1: Customer Name | C1: Region | D1: Country
A2: C001 | B2: TechCorp GmbH | C2: North | D2: Germany
A3: C002 | B3: BrightSales Ltd | C3: South | D3: United Kingdom
A4: C003 | B4: Nexus Retail | C4: East | D4: France
A5: C004 | B5: Alpine Supplies | C5: West | D5: Switzerland
A6: C005 | B6: Metro Office | C6: North | D6: Austria
A7: C006 | B7: Delta Systems | C7: South | D7: Netherlands

Sheet Sheet4
A1: Lookup Key | B1: Product ID | C1: Customer ID | D1: Negotiated Price (€)
A2: P001-C001 | B2: P001 | C2: C001 | D2: 1,050 | J2: =_xlfn.XLOOKUP(B2&"-"&C2,Sheet4!A:A,Sheet4!D:D,0) -> 0
A3: P001-C003 | B3: P001 | C3: C003 | D3: 1,100
A4: P002-C005 | B4: P002 | C4: C005 | D4: 38
A5: P005-C004 | B5: P005 | C5: C004 | D5: 105
A6: P007-C002 | B6: P007 | C6: C002 | D6: 360
A7: P003-C006 | B7: P003 | C7: C006 | D7: 550
E10: Lookup Key | F10: Product ID | G10: Customer ID | H10: Negotiated Price (€)
E11: P001-C001 | F11: P001 | G11: C001 | H11: 1,050
E12: P001-C003 | F12: P001 | G12: C003 | H12: 1,100
E13: P002-C005 | F13: P002 | G13: C005 | H13: 38
E14: P005-C004 | F14: P005 | G14: C004 | H14: 105
E15: P007-C002 | F15: P007 | G15: C002 | H15: 360
E16: P003-C006 | F16: P003 | G16: C006 | H16: 550

Sheet Sheet5
A1: Order ID | B1: Product ID | C1: Customer ID | D1: Units | E1: Product Name | F1: Category | G1: Customer Name | H1: Region | I1: Std. Price € | J1: Neg. Price € | K1: Applied Price € | L1: Line Total €
A2: 1001 | B2: P001 | C2: C001 | D2: =VLOOKUP(Sheet1!B6,Sheet1!B6:E24,4,0) -> 3 | E2: =VLOOKUP(B2,Sheet2!$A$2:$B$11,2,FALSE) -> Laptop Pro X | F2: =VLOOKUP(B2,Sheet2!$A$2:$C$11,3,FALSE) -> Electronics | G2: =VLOOKUP(C2,Sheet3!$A$2:$B$7,2,FALSE) -> TechCorp GmbH | H2: =VLOOKUP(C2,Sheet3!$A$2:$C$7,3,FALSE) -> North | I2: =VLOOKUP(B2,Sheet2!$A$2:$D$11,4,FALSE) -> 1,200 | J2: {=_xlfn._xlws.FILTER(Sheet4!D:D,(Sheet4!B:B=B2)*(Sheet4!C:C=C2),0)} -> 1,050 | K2: =IF(J2=0,I2,J2) -> 1,050 | L2: =IFERROR(_xlfn.NUMBERVALUE(SUBSTITUTE(K2, CHAR(160), "")) * _xlfn.NUMBERVALUE(SUBSTITUTE(D2, CHAR(160), "")), 0) -> 3150
A3: =VLOOKUP(Sheet1!A7,Sheet1!A7:A25,1,FALSE) -> 1002 | B3: =VLOOKUP(Sheet1!A7,Sheet1!A7:C25,3,FALSE) -> P002 | C3: =VLOOKUP(Sheet1!A7,Sheet1!A7:D25,4,0) -> C002 | D3: =VLOOKUP(Sheet1!B7,Sheet1!B7:E25,4,0) -> 15 | E3: =VLOOKUP(B3,Sheet2!$A$2:$B$11,2,FALSE) -> Wireless Mouse | F3: =VLOOKUP(B3,Sheet2!$A$2:$C$11,3,FALSE) -> Electronics | G3: =VLOOKUP(C3,Sheet3!$A$2:$B$7,2,FALSE) -> BrightSales Ltd | H3: =VLOOKUP(C3,Sheet3!$A$2:$C$7,3,FALSE) -> South | I3: =VLOOKUP(B3,Sheet2!$A$2:$D$11,4,FALSE) -> 45 | J3: {=_xlfn._xlws.FILTER(Sheet4!D:D,(Sheet4!B:B=B3)*(Sheet4!C:C=C3),0)} -> 0 | K3: =IF(J3=0,I3,J3) -> 45 | L3: =IFERROR(_xlfn.NUMBERVALUE(SUBSTITUTE(K3, CHAR(160), "")) * _xlfn.NUMBERVALUE(SUBSTITUTE(D3, CHAR(160), "")), 0) -> 675
A4: =VLOOKUP(Sheet1!A8,Sheet1!A8:A26,1,FALSE) -> 1003 | B4: =VLOOKUP(Sheet1!A8,Sheet1!A8:C26,3,FALSE) -> P001 | C4: =VLOOKUP(Sheet1!A8,Sheet1!A8:D26,4,0) -> C003 | D4: =VLOOKUP(Sheet1!B8,Sheet1!B8:E26,4,0) -> 2 | E4: =VLOOKUP(B4,Sheet2!$A$2:$B$11,2,FALSE) -> Laptop Pro X | F4: =VLOOKUP(B4,Sheet2!$A$2:$C$11,3,FALSE) -> Electronics | G4: =VLOOKUP(C4,Sheet3!$A$2:$B$7,2,FALSE) -> Nexus Retail | H4: =VLOOKUP(C4,Sheet3!$A$2:$C$7,3,FALSE) -> East | I4: =VLOOKUP(B4,Sheet2!$A$2:$D$11,4,FALSE) -> 1,200 | J4: {=_xlfn._xlws.FILTER(Sheet4!D:D,(Sheet4!B:B=B4)*(Sheet4!C:C=C4),0)} -> 1,100 | K4: =IF(J4=0,I4,J4) -> 1,100 | L4: =IFERROR(_xlfn.NUMBERVALUE(SUBSTITUTE(K4, CHAR(160), "")) * _xlfn.NUMBERVALUE(SUBSTITUTE(D4, CHAR(160), "")), 0) -> 2200 | N4: {=_xlfn._xlws.FILTER(Sheet4!D:D,(Sheet4!B:B=B2)*(Sheet4!C:C=C2),0)} -> 1,050
A5: =VLOOKUP(Sheet1!A9,Sheet1!A9:A27,1,FALSE) -> 1004 | B5: =VLOOKUP(Sheet1!A9,Sheet1!A9:C27,3,FALSE) -> P005 | C5: =VLOOKUP(Sheet1!A9,Sheet1!A9:D27,4,0) -> C001 | D5: =VLOOKUP(Sheet1!B9,Sheet1!B9:E27,4,0) -> 8 | E5: =VLOOKUP(B5,Sheet2!$A$2:$B$11,2,FALSE) -> Headphones | F5: =VLOOKUP(B5,Sheet2!$A$2:$C$11,3,FALSE) -> Electronics | G5: =VLOOKUP(C5,Sheet3!$A$2:$B$7,2,FALSE) -> TechCorp GmbH | H5: =VLOOKUP(C5,Sheet3!$A$2:$C$7,3,FALSE) -> North | I5: =VLOOKUP(B5,Sheet2!$A$2:$D$11,4,FALSE) -> 120 | J5: {=_xlfn._xlws.FILTER(Sheet4!D:D,(Sheet4!B:B=B5)*(Sheet4!C:C=C5),0)} -> 0 | K5: =IF(J5=0,I5,J5) -> 120 | L5: =IFERROR(_xlfn.NUMBERVALUE(SUBSTITUTE(K5, CHAR(160), "")) * _xlfn.NUMBERVALUE(SUBSTITUTE(D5, CHAR(160), "")), 0) -> 960
A6: =VLOOKUP(Sheet1!A10,Sheet1!A10:A28,1,FALSE) -> 1005 | B6: =VLOOKUP(Sheet1!A10,Sheet1!A10:C28,3,FALSE) -> P003 | C6: =VLOOKUP(Sheet1!A10,Sheet1!A10:D28,4,0) -> C004 | D6: =VLOOKUP(Sheet1!B10,Sheet1!B10:E28,4,0) -> 4 | E6: =VLOOKUP(B6,Sheet2!$A$2:$B$11,2,FALSE) -> Standing Desk | F6: =VLOOKUP(B6,Sheet2!$A$2:$C$11,3,FALSE) -> Furniture | G6: =VLOOKUP(C6,Sheet3!$A$2:$B$7,2,FALSE) -> Alpine Supplies | H6: =VLOOKUP(C6,Sheet3!$A$2:$C$7,3,FALSE) -> West | I6: =VLOOKUP(B6,Sheet2!$A$2:$D$11,4,FALSE) -> 600 | J6: {=_xlfn._xlws.FILTER(Sheet4!D:D,(Sheet4!B:B=B6)*(Sheet4!C:C=C6),0)} -> 0 | K6: =IF(J6=0,I6,J6) -> 600 | L6: =IFERROR(_xlfn.NUMBERVALUE(SUBSTITUTE(K6, CHAR(160), "")) * _xlfn.NUMBERVALUE(SUBSTITUTE(D6, CHAR(160), "")), 0) -> 2400
A7: =VLOOKUP(Sheet1!A11,Sheet1!A11:A29,1,FALSE) -> 1006 | B7: =VLOOKUP(Sheet1!A11,Sheet1!A11:C29,3,FALSE) -> P007 | C7: =VLOOKUP(Sheet1!A11,Sheet1!A11:D29,4,0) -> C002 | D7: =VLOOKUP(Sheet1!B11,Sheet1!B11:E29,4,0) -> 5 | E7: =VLOOKUP(B7,Sheet2!$A$2:$B$11,2,FALSE) -> Monitor 27" | F7: =VLOOKUP(B7,Sheet2!$A$2:$C$11,3,FALSE) -> Electronics | G7: =VLOOKUP(C7,Sheet3!$A$2:$B$7,2,FALSE) -> BrightSales Ltd | H7: =VLOOKUP(C7,Sheet3!$A$2:$C$7,3,FALSE) -> South | I7: =VLOOKUP(B7,Sheet2!$A$2:$D$11,4,FALSE) -> 400 | J7: {=_xlfn._xlws.FILTER(Sheet4!D:D,(Sheet4!B:B=B7)*(Sheet4!C:C=C7),0)} -> 360 | K7: =IF(J7=0,I7,J7) -> 360 | L7: =IFERROR(_xlfn.NUMBERVALUE(SUBSTITUTE(K7, CHAR(160), "")) * _xlfn.NUMBERVALUE(SUBSTITUTE(D7, CHAR(160), "")), 0) -> 1800
A8: =VLOOKUP(Sheet1!A12,Sheet1!A12:A30,1,FALSE) -> 1007 | B8: =VLOOKUP(Sheet1!A12,Sheet1!A12:C30,3,FALSE) -> P002 | C8: =VLOOKUP(Sheet1!A12,Sheet1!A12:D30,4,0) -> C005 | D8: =VLOOKUP(Sheet1!B12,Sheet1!B12:E30,4,0) -> 20 | E8: =VLOOKUP(B8,Sheet2!$A$2:$B$11,2,FALSE) -> Wireless Mouse | F8: =VLOOKUP(B8,Sheet2!$A$2:$C$11,3,FALSE) -> Electronics | G8: =VLOOKUP(C8,Sheet3!$A$2:$B$7,2,FALSE) -> Metro Office | H8: =VLOOKUP(C8,Sheet3!$A$2:$C$7,3,FALSE) -> North | I8: =VLOOKUP(B8,Sheet2!$A$2:$D$11,4,FALSE) -> 45 | J8: {=_xlfn._xlws.FILTER(Sheet4!D:D,(Sheet4!B:B=B8)*(Sheet4!C:C=C8),0)} -> 38 | K8: =IF(J8=0,I8,J8) -> 38 | L8: =IFERROR(_xlfn.NUMBERVALUE(SUBSTITUTE(K8, CHAR(160), "")) * _xlfn.NUMBERVALUE(SUBSTITUTE(D8, CHAR(160), "")), 0) -> 760
A9: =VLOOKUP(Sheet1!A13,Sheet1!A13:A31,1,FALSE) -> 1008 | B9: =VLOOKUP(Sheet1!A13,Sheet1!A13:C31,3,FALSE) -> P004 | C9: =VLOOKUP(Sheet1!A13,Sheet1!A13:D31,4,0) -> C003 | D9: =VLOOKUP(Sheet1!B13,Sheet1!B13:E31,4,0) -> 6 | E9: =VLOOKUP(B9,Sheet2!$A$2:$B$11,2,FALSE) -> Office Chair | F9: =VLOOKUP(B9,Sheet2!$A$2:$C$11,3,FALSE) -> Furniture | G9: =VLOOKUP(C9,Sheet3!$A$2:$B$7,2,FALSE) -> Nexus Retail | H9: =VLOOKUP(C9,Sheet3!$A$2:$C$7,3,FALSE) -> East | I9: =VLOOKUP(B9,Sheet2!$A$2:$D$11,4,FALSE) -> 250 | J9: {=_xlfn._xlws.FILTER(Sheet4!D:D,(Sheet4!B:B=B9)*(Sheet4!C:C=C9),0)} -> 0 | K9: =IF(J9=0,I9,J9) -> 250 | L9: =IFERROR(_xlfn.NUMBERVALUE(SUBSTITUTE(K9, CHAR(160), "")) * _xlfn.NUMBERVALUE(SUBSTITUTE(D9, CHAR(160), "")), 0) -> 1500
A10: =VLOOKUP(Sheet1!A14,Sheet1!A14:A32,1,FALSE) -> 1009 | B10: =VLOOKUP(Sheet1!A14,Sheet1!A14:C32,3,FALSE) -> P001 | C10: =VLOOKUP(Sheet1!A14,Sheet1!A14:D32,4,0) -> C006 | D10: =VLOOKUP(Sheet1!B14,Sheet1!B14:E32,4,0) -> 1 | E10: =VLOOKUP(B10,Sheet2!$A$2:$B$11,2,FALSE) -> Laptop Pro X | F10: =VLOOKUP(B10,Sheet2!$A$2:$C$11,3,FALSE) -> Electronics | G10: =VLOOKUP(C10,Sheet3!$A$2:$B$7,2,FALSE) -> Delta Systems | H10: =VLOOKUP(C10,Sheet3!$A$2:$C$7,3,FALSE) -> South | I10: =VLOOKUP(B10,Sheet2!$A$2:$D$11,4,FALSE) -> 1,200 | J10: {=_xlfn._xlws.FILTER(Sheet4!D:D,(Sheet4!B:B=B10)*(Sheet4!C:C=C10),0)} -> 0 | K10: =IF(J10=0,I10,J10) -> 1,200 | L10: =IFERROR(_xlfn.NUMBERVALUE(SUBSTITUTE(K10, CHAR(160), "")) * _xlfn.NUMBERVALUE(SUBSTITUTE(D10, CHAR(160), "")), 0) -> 1200
A11: =VLOOKUP(Sheet1!A15,Sheet1!A15:A33,1,FALSE) -> 1010 | B11: =VLOOKUP(Sheet1!A15,Sheet1!A15:C33,3,FALSE) -> P008 | C11: =VLOOKUP(Sheet1!A15,Sheet1!A15:D33,4,0) -> C001 | D11: =VLOOKUP(Sheet1!B15,Sheet1!B15:E33,4,0) -> 10 | E11: =VLOOKUP(B11,Sheet2!$A$2:$B$11,2,FALSE) -> Whiteboard | F11: =VLOOKUP(B11,Sheet2!$A$2:$C$11,3,FALSE) -> Office Supplies | G11: =VLOOKUP(C11,Sheet3!$A$2:$B$7,2,FALSE) -> TechCorp GmbH | H11: =VLOOKUP(C11,Sheet3!$A$2:$C$7,3,FALSE) -> North | I11: =VLOOKUP(B11,Sheet2!$A$2:$D$11,4,FALSE) -> 80 | J11: {=_xlfn._xlws.FILTER(Sheet4!D:D,(Sheet4!B:B=B11)*(Sheet4!C:C=C11),0)} -> 0 | K11: =IF(J11=0,I11,J11) -> 80 | L11: =IFERROR(_xlfn.NUMBERVALUE(SUBSTITUTE(K11, CHAR(160), "")) * _xlfn.NUMBERVALUE(SUBSTITUTE(D11, CHAR(160), "")), 0) -> 800
A12: =VLOOKUP(Sheet1!A16,Sheet1!A16:A34,1,FALSE) -> 1011 | B12: =VLOOKUP(Sheet1!A16,Sheet1!A16:C34,3,FALSE) -> P005 | C12: =VLOOKUP(Sheet1!A16,Sheet1!A16:D34,4,0) -> C004 | D12: =VLOOKUP(Sheet1!B16,Sheet1!B16:E34,4,0) -> 12 | E12: =VLOOKUP(B12,Sheet2!$A$2:$B$11,2,FALSE) -> Headphones | F12: =VLOOKUP(B12,Sheet2!$A$2:$C$11,3,FALSE) -> Electronics | G12: =VLOOKUP(C12,Sheet3!$A$2:$B$7,2,FALSE) -> Alpine Supplies | H12: =VLOOKUP(C12,Sheet3!$A$2:$C$7,3,FALSE) -> West | I12: =VLOOKUP(B12,Sheet2!$A$2:$D$11,4,FALSE) -> 120 | J12: {=_xlfn._xlws.FILTER(Sheet4!D:D,(Sheet4!B:B=B12)*(Sheet4!C:C=C12),0)} -> 105 | K12: =IF(J12=0,I12,J12) -> 105 | L12: =IFERROR(_xlfn.NUMBERVALUE(SUBSTITUTE(K12, CHAR(160), "")) * _xlfn.NUMBERVALUE(SUBSTITUTE(D12, CHAR(160), "")), 0) -> 1260
A13: =VLOOKUP(Sheet1!A17,Sheet1!A17:A35,1,FALSE) -> 1012 | B13: =VLOOKUP(Sheet1!A17,Sheet1!A17:C35,3,FALSE) -> P009 | C13: =VLOOKUP(Sheet1!A17,Sheet1!A17:D35,4,0) -> C002 | D13: =VLOOKUP(Sheet1!B17,Sheet1!B17:E35,4,0) -> 40 | E13: =VLOOKUP(B13,Sheet2!$A$2:$B$11,2,FALSE) -> Printer Ink | F13: =VLOOKUP(B13,Sheet2!$A$2:$C$11,3,FALSE) -> Office Supplies | G13: =VLOOKUP(C13,Sheet3!$A$2:$B$7,2,FALSE) -> BrightSales Ltd | H13: =VLOOKUP(C13,Sheet3!$A$2:$C$7,3,FALSE) -> South | I13: =VLOOKUP(B13,Sheet2!$A$2:$D$11,4,FALSE) -> 25 | J13: {=_xlfn._xlws.FILTER(Sheet4!D:D,(Sheet4!B:B=B13)*(Sheet4!C:C=C13),0)} -> 0 | K13: =IF(J13=0,I13,J13) -> 25 | L13: =IFERROR(_xlfn.NUMBERVALUE(SUBSTITUTE(K13, CHAR(160), "")) * _xlfn.NUMBERVALUE(SUBSTITUTE(D13, CHAR(160), "")), 0) -> 1000
A14: =VLOOKUP(Sheet1!A18,Sheet1!A18:A36,1,FALSE) -> 1013 | B14: =VLOOKUP(Sheet1!A18,Sheet1!A18:C36,3,FALSE) -> P007 | C14: =VLOOKUP(Sheet1!A18,Sheet1!A18:D36,4,0) -> C005 | D14: =VLOOKUP(Sheet1!B18,Sheet1!B18:E36,4,0) -> 3 | E14: =VLOOKUP(B14,Sheet2!$A$2:$B$11,2,FALSE) -> Monitor 27" | F14: =VLOOKUP(B14,Sheet2!$A$2:$C$11,3,FALSE) -> Electronics | G14: =VLOOKUP(C14,Sheet3!$A$2:$B$7,2,FALSE) -> Metro Office | H14: =VLOOKUP(C14,Sheet3!$A$2:$C$7,3,FALSE) -> North | I14: =VLOOKUP(B14,Sheet2!$A$2:$D$11,4,FALSE) -> 400 | J14: {=_xlfn._xlws.FILTER(Sheet4!D:D,(Sheet4!B:B=B14)*(Sheet4!C:C=C14),0)} -> 0 | K14: =IF(J14=0,I14,J14) -> 400 | L14: =IFERROR(_xlfn.NUMBERVALUE(SUBSTITUTE(K14, CHAR(160), "")) * _xlfn.NUMBERVALUE(SUBSTITUTE(D14, CHAR(160), "")), 0) -> 1200
A15: =VLOOKUP(Sheet1!A19,Sheet1!A19:A37,1,FALSE) -> 1014 | B15: =VLOOKUP(Sheet1!A19,Sheet1!A19:C37,3,FALSE) -> P003 | C15: =VLOOKUP(Sheet1!A19,Sheet1!A19:D37,4,0) -> C006 | D15: =VLOOKUP(Sheet1!B19,Sheet1!B19:E37,4,0) -> 2 | E15: =VLOOKUP(B15,Sheet2!$A$2:$B$11,2,FALSE) -> Standing Desk | F15: =VLOOKUP(B15,Sheet2!$A$2:$C$11,3,FALSE) -> Furniture | G15: =VLOOKUP(C15,Sheet3!$A$2:$B$7,2,FALSE) -> Delta Systems | H15: =VLOOKUP(C15,Sheet3!$A$2:$C$7,3,FALSE) -> South | I15: =VLOOKUP(B15,Sheet2!$A$2:$D$11,4,FALSE) -> 600 | J15: {=_xlfn._xlws.FILTER(Sheet4!D:D,(Sheet4!B:B=B15)*(Sheet4!C:C=C15),0)} -> 550 | K15: =IF(J15=0,I15,J15) -> 550 | L15: =IFERROR(_xlfn.NUMBERVALUE(SUBSTITUTE(K15, CHAR(160), "")) * _xlfn.NUMBERVALUE(SUBSTITUTE(D15, CHAR(160), "")), 0) -> 1100
A16: =VLOOKUP(Sheet1!A20,Sheet1!A20:A38,1,FALSE) -> 1015 | B16: =VLOOKUP(Sheet1!A20,Sheet1!A20:C38,3,FALSE) -> P010 | C16: =VLOOKUP(Sheet1!A20,Sheet1!A20:D38,4,0) -> C001 | D16: =VLOOKUP(Sheet1!B20,Sheet1!B20:E38,4,0) -> 7 | E16: =VLOOKUP(B16,Sheet2!$A$2:$B$11,2,FALSE) -> Laptop Stand | F16: =VLOOKUP(B16,Sheet2!$A$2:$C$11,3,FALSE) -> Accessories | G16: =VLOOKUP(C16,Sheet3!$A$2:$B$7,2,FALSE) -> TechCorp GmbH | H16: =VLOOKUP(C16,Sheet3!$A$2:$C$7,3,FALSE) -> North | I16: =VLOOKUP(B16,Sheet2!$A$2:$D$11,4,FALSE) -> 75 | J16: {=_xlfn._xlws.FILTER(Sheet4!D:D,(Sheet4!B:B=B16)*(Sheet4!C:C=C16),0)} -> 0 | K16: =IF(J16=0,I16,J16) -> 75 | L16: =IFERROR(_xlfn.NUMBERVALUE(SUBSTITUTE(K16, CHAR(160), "")) * _xlfn.NUMBERVALUE(SUBSTITUTE(D16, CHAR(160), "")), 0) -> 525
... A21: =VLOOKUP(Sheet1!A25,Sheet1!A25:A43,1,FALSE) -> 1020 | B21: =VLOOKUP(Sheet1!A25,Sheet1!A25:C43,3,FALSE) -> P001 | C21: =VLOOKUP(Sheet1!A25,Sheet1!A25:D43,4,0) -> C005 | D21: =VLOOKUP(Sheet1!B25,Sheet1!B25:E43,4,0) -> 4 | E21: =VLOOKUP(B21,Sheet2!$A$2:$B$11,2,FALSE) -> Laptop Pro X | F21: =VLOOKUP(B21,Sheet2!$A$2:$C$11,3,FALSE) -> Electronics | G21: =VLOOKUP(C21,Sheet3!$A$2:$B$7,2,FALSE) -> Metro Office | H21: =VLOOKUP(C21,Sheet3!$A$2:$C$7,3,FALSE) -> North | I21: =VLOOKUP(B21,Sheet2!$A$2:$D$11,4,FALSE) -> 1,200 | J21: {=_xlfn._xlws.FILTER(Sheet4!D:D,(Sheet4!B:B=B21)*(Sheet4!C:C=C21),0)} -> 0 | K21: =IF(J21=0,I21,J21) -> 1,200 | L21: =IFERROR(_xlfn.NUMBERVALUE(SUBSTITUTE(K21, CHAR(160), "")) * _xlfn.NUMBERVALUE(SUBSTITUTE(D21, CHAR(160), "")), 0) -> 4800
M26: 1,050
M27: 45
M28: 1,100 | Q28: Neg. Price € | R28: Line Total €
M29: 120 | Q29: 1050 | R29: =(K2*D2) -> #VALUE!
M30: 600 | Q30: 0 | R30: =SUM(K3 * D3) -> #VALUE!
M31: 360 | Q31: 1100 | R31: =SUM(K4 * D4) -> #VALUE!
M32: 38 | Q32: 0 | R32: =SUM(K5 * D5) -> #VALUE!
M33: 250 | Q33: 0 | R33: =SUM(K6 * D6) -> #VALUE!
M34: 1,200 | Q34: 360 | R34: =SUM(K7 * D7) -> #VALUE!
M35: 80 | Q35: 38 | R35: =SUM(K8 * D8) -> #VALUE!
M36: 105 | Q36: 0 | R36: =SUM(K9 * D9) -> #VALUE!
M37: 25 | Q37: 0 | R37: =SUM(K10 * D10) -> #VALUE!
M38: 400 | Q38: 0 | R38: =SUM(K11 * D11) -> #VALUE!
M39: 550 | Q39: 105 | R39: =SUM(K12 * D12) -> #VALUE!
M40: 75 | Q40: 0 | R40: =SUM(K13 * D13) -> #VALUE!
M41: 90 | Q41: 0 | R41: =SUM(K14 * D14) -> #VALUE!
... M45: 1,200 | Q45: 0 | R45: =SUM(K18 * D18) -> #VALUE!
Q46: 0 | R46: =SUM(K19 * D19) -> #VALUE!
Q47: 0 | R47: =SUM(K20 * D20) -> #VALUE!
Q48: 0 | R48: =SUM(K21 * D21) -> #VALUE!

Sheet Sheet6
A1: Order ID | B1: Product ID | C1: Customer ID | D1: Units | E1: Product Name | F1: Category | G1: Customer Name | H1: Region | I1: Std. Price € | J1: Neg. Price € | K1: Applied Price € | L1: Line Total € | M1: Revenue
A2: 1001 | B2: P001 | C2: C001 | D2: =VLOOKUP(Sheet1!B6,Sheet1!B6:E24,4,0) -> 3 | E2: =VLOOKUP(B2,Sheet2!$A$2:$B$11,2,FALSE) -> Laptop Pro X | F2: =VLOOKUP(B2,Sheet2!$A$2:$C$11,3,FALSE) -> Electronics | G2: =VLOOKUP(C2,Sheet3!$A$2:$B$7,2,FALSE) -> TechCorp GmbH | H2: =VLOOKUP(C2,Sheet3!$A$2:$C$7,3,FALSE) -> North | I2: =VLOOKUP(B2,Sheet2!$A$2:$D$11,4,FALSE) -> 1,200 | J2: {=_xlfn._xlws.FILTER(Sheet4!D:D,(Sheet4!B:B=B2)*(Sheet4!C:C=C2),0)} -> 1,050 | K2: =IF(J2=0,I2,J2) -> 1,050 | L2: =IFERROR(_xlfn.NUMBERVALUE(SUBSTITUTE(K2, CHAR(160), "")) * _xlfn.NUMBERVALUE(SUBSTITUTE(D2, CHAR(160), "")), 0) -> 3150 | M2: =IFERROR(_xlfn.NUMBERVALUE(SUBSTITUTE(D2, CHAR(160), "")) * _xlfn.NUMBERVALUE(SUBSTITUTE(K2, CHAR(160), "")), 0) -> 3150
A3: =VLOOKUP(Sheet1!A7,Sheet1!A7:A25,1,FALSE) -> 1002 | B3: =VLOOKUP(Sheet1!A7,Sheet1!A7:C25,3,FALSE) -> P002 | C3: =VLOOKUP(Sheet1!A7,Sheet1!A7:D25,4,0) -> C002 | D3: =VLOOKUP(Sheet1!B7,Sheet1!B7:E25,4,0) -> 15 | E3: =VLOOKUP(B3,Sheet2!$A$2:$B$11,2,FALSE) -> Wireless Mouse | F3: =VLOOKUP(B3,Sheet2!$A$2:$C$11,3,FALSE) -> Electronics | G3: =VLOOKUP(C3,Sheet3!$A$2:$B$7,2,FALSE) -> BrightSales Ltd | H3: =VLOOKUP(C3,Sheet3!$A$2:$C$7,3,FALSE) -> South | I3: =VLOOKUP(B3,Sheet2!$A$2:$D$11,4,FALSE) -> 45 | J3: {=_xlfn._xlws.FILTER(Sheet4!D:D,(Sheet4!B:B=B3)*(Sheet4!C:C=C3),0)} -> 0 | K3: =IF(J3=0,I3,J3) -> 45 | L3: =IFERROR(_xlfn.NUMBERVALUE(SUBSTITUTE(K3, CHAR(160), "")) * _xlfn.NUMBERVALUE(SUBSTITUTE(D3, CHAR(160), "")), 0) -> 675 | M3: =IFERROR(_xlfn.NUMBERVALUE(SUBSTITUTE(D3, CHAR(160), "")) * _xlfn.NUMBERVALUE(SUBSTITUTE(K3, CHAR(160), "")), 0) -> 675
A4: =VLOOKUP(Sheet1!A8,Sheet1!A8:A26,1,FALSE) -> 1003 | B4: =VLOOKUP(Sheet1!A8,Sheet1!A8:C26,3,FALSE) -> P001 | C4: =VLOOKUP(Sheet1!A8,Sheet1!A8:D26,4,0) -> C003 | D4: =VLOOKUP(Sheet1!B8,Sheet1!B8:E26,4,0) -> 2 | E4: =VLOOKUP(B4,Sheet2!$A$2:$B$11,2,FALSE) -> Laptop Pro X | F4: =VLOOKUP(B4,Sheet2!$A$2:$C$11,3,FALSE) -> Electronics | G4: =VLOOKUP(C4,Sheet3!$A$2:$B$7,2,FALSE) -> Nexus Retail | H4: =VLOOKUP(C4,Sheet3!$A$2:$C$7,3,FALSE) -> East | I4: =VLOOKUP(B4,Sheet2!$A$2:$D$11,4,FALSE) -> 1,200 | J4: {=_xlfn._xlws.FILTER(Sheet4!D:D,(Sheet4!B:B=B4)*(Sheet4!C:C=C4),0)} -> 1,100 | K4: =IF(J4=0,I4,J4) -> 1,100 | L4: =IFERROR(_xlfn.NUMBERVALUE(SUBSTITUTE(K4, CHAR(160), "")) * _xlfn.NUMBERVALUE(SUBSTITUTE(D4, CHAR(160), "")), 0) -> 2200 | M4: =IFERROR(_xlfn.NUMBERVALUE(SUBSTITUTE(D4, CHAR(160), "")) * _xlfn.NUMBERVALUE(SUBSTITUTE(K4, CHAR(160), "")), 0) -> 2200
A5: =VLOOKUP(Sheet1!A9,Sheet1!A9:A27,1,FALSE) -> 1004 | B5: =VLOOKUP(Sheet1!A9,Sheet1!A9:C27,3,FALSE) -> P005 | C5: =VLOOKUP(Sheet1!A9,Sheet1!A9:D27,4,0) -> C001 | D5: =VLOOKUP(Sheet1!B9,Sheet1!B9:E27,4,0) -> 8 | E5: =VLOOKUP(B5,Sheet2!$A$2:$B$11,2,FALSE) -> Headphones | F5: =VLOOKUP(B5,Sheet2!$A$2:$C$11,3,FALSE) -> Electronics | G5: =VLOOKUP(C5,Sheet3!$A$2:$B$7,2,FALSE) -> TechCorp GmbH | H5: =VLOOKUP(C5,Sheet3!$A$2:$C$7,3,FALSE) -> North | I5: =VLOOKUP(B5,Sheet2!$A$2:$D$11,4,FALSE) -> 120 | J5: {=_xlfn._xlws.FILTER(Sheet4!D:D,(Sheet4!B:B=B5)*(Sheet4!C:C=C5),0)} -> 0 | K5: =IF(J5=0,I5,J5) -> 120 | L5: =IFERROR(_xlfn.NUMBERVALUE(SUBSTITUTE(K5, CHAR(160), "")) * _xlfn.NUMBERVALUE(SUBSTITUTE(D5, CHAR(160), "")), 0) -> 960 | M5: =IFERROR(_xlfn.NUMBERVALUE(SUBSTITUTE(D5, CHAR(160), "")) * _xlfn.NUMBERVALUE(SUBSTITUTE(K5, CHAR(160), "")), 0) -> 960
A6: =VLOOKUP(Sheet1!A10,Sheet1!A10:A28,1,FALSE) -> 1005 | B6: =VLOOKUP(Sheet1!A10,Sheet1!A10:C28,3,FALSE) -> P003 | C6: =VLOOKUP(Sheet1!A10,Sheet1!A10:D28,4,0) -> C004 | D6: =VLOOKUP(Sheet1!B10,Sheet1!B10:E28,4,0) -> 4 | E6: =VLOOKUP(B6,Sheet2!$A$2:$B$11,2,FALSE) -> Standing Desk | F6: =VLOOKUP(B6,Sheet2!$A$2:$C$11,3,FALSE) -> Furniture | G6: =VLOOKUP(C6,Sheet3!$A$2:$B$7,2,FALSE) -> Alpine Supplies | H6: =VLOOKUP(C6,Sheet3!$A$2:$C$7,3,FALSE) -> West | I6: =VLOOKUP(B6,Sheet2!$A$2:$D$11,4,FALSE) -> 600 | J6: {=_xlfn._xlws.FILTER(Sheet4!D:D,(Sheet4!B:B=B6)*(Sheet4!C:C=C6),0)} -> 0 | K6: =IF(J6=0,I6,J6) -> 600 | L6: =IFERROR(_xlfn.NUMBERVALUE(SUBSTITUTE(K6, CHAR(160), "")) * _xlfn.NUMBERVALUE(SUBSTITUTE(D6, CHAR(160), "")), 0) -> 2400 | M6: =IFERROR(_xlfn.NUMBERVALUE(SUBSTITUTE(D6, CHAR(160), "")) * _xlfn.NUMBERVALUE(SUBSTITUTE(K6, CHAR(160), "")), 0) -> 2400
A7: =VLOOKUP(Sheet1!A11,Sheet1!A11:A29,1,FALSE) -> 1006 | B7: =VLOOKUP(Sheet1!A11,Sheet1!A11:C29,3,FALSE) -> P007 | C7: =VLOOKUP(Sheet1!A11,Sheet1!A11:D29,4,0) -> C002 | D7: =VLOOKUP(Sheet1!B11,Sheet1!B11:E29,4,0) -> 5 | E7: =VLOOKUP(B7,Sheet2!$A$2:$B$11,2,FALSE) -> Monitor 27" | F7: =VLOOKUP(B7,Sheet2!$A$2:$C$11,3,FALSE) -> Electronics | G7: =VLOOKUP(C7,Sheet3!$A$2:$B$7,2,FALSE) -> BrightSales Ltd | H7: =VLOOKUP(C7,Sheet3!$A$2:$C$7,3,FALSE) -> South | I7: =VLOOKUP(B7,Sheet2!$A$2:$D$11,4,FALSE) -> 400 | J7: {=_xlfn._xlws.FILTER(Sheet4!D:D,(Sheet4!B:B=B7)*(Sheet4!C:C=C7),0)} -> 360 | K7: =IF(J7=0,I7,J7) -> 360 | L7: =IFERROR(_xlfn.NUMBERVALUE(SUBSTITUTE(K7, CHAR(160), "")) * _xlfn.NUMBERVALUE(SUBSTITUTE(D7, CHAR(160), "")), 0) -> 1800 | M7: =IFERROR(_xlfn.NUMBERVALUE(SUBSTITUTE(D7, CHAR(160), "")) * _xlfn.NUMBERVALUE(SUBSTITUTE(K7, CHAR(160), "")), 0) -> 1800
A8: =VLOOKUP(Sheet1!A12,Sheet1!A12:A30,1,FALSE) -> 1007 | B8: =VLOOKUP(Sheet1!A12,Sheet1!A12:C30,3,FALSE) -> P002 | C8: =VLOOKUP(Sheet1!A12,Sheet1!A12:D30,4,0) -> C005 | D8: =VLOOKUP(Sheet1!B12,Sheet1!B12:E30,4,0) -> 20 | E8: =VLOOKUP(B8,Sheet2!$A$2:$B$11,2,FALSE) -> Wireless Mouse | F8: =VLOOKUP(B8,Sheet2!$A$2:$C$11,3,FALSE) -> Electronics | G8: =VLOOKUP(C8,Sheet3!$A$2:$B$7,2,FALSE) -> Metro Office | H8: =VLOOKUP(C8,Sheet3!$A$2:$C$7,3,FALSE) -> North | I8: =VLOOKUP(B8,Sheet2!$A$2:$D$11,4,FALSE) -> 45 | J8: {=_xlfn._xlws.FILTER(Sheet4!D:D,(Sheet4!B:B=B8)*(Sheet4!C:C=C8),0)} -> 38 | K8: =IF(J8=0,I8,J8) -> 38 | L8: =IFERROR(_xlfn.NUMBERVALUE(SUBSTITUTE(K8, CHAR(160), "")) * _xlfn.NUMBERVALUE(SUBSTITUTE(D8, CHAR(160), "")), 0) -> 760 | M8: =IFERROR(_xlfn.NUMBERVALUE(SUBSTITUTE(D8, CHAR(160), "")) * _xlfn.NUMBERVALUE(SUBSTITUTE(K8, CHAR(160), "")), 0) -> 760
A9: =VLOOKUP(Sheet1!A13,Sheet1!A13:A31,1,FALSE) -> 1008 | B9: =VLOOKUP(Sheet1!A13,Sheet1!A13:C31,3,FALSE) -> P004 | C9: =VLOOKUP(Sheet1!A13,Sheet1!A13:D31,4,0) -> C003 | D9: =VLOOKUP(Sheet1!B13,Sheet1!B13:E31,4,0) -> 6 | E9: =VLOOKUP(B9,Sheet2!$A$2:$B$11,2,FALSE) -> Office Chair | F9: =VLOOKUP(B9,Sheet2!$A$2:$C$11,3,FALSE) -> Furniture | G9: =VLOOKUP(C9,Sheet3!$A$2:$B$7,2,FALSE) -> Nexus Retail | H9: =VLOOKUP(C9,Sheet3!$A$2:$C$7,3,FALSE) -> East | I9: =VLOOKUP(B9,Sheet2!$A$2:$D$11,4,FALSE) -> 250 | J9: {=_xlfn._xlws.FILTER(Sheet4!D:D,(Sheet4!B:B=B9)*(Sheet4!C:C=C9),0)} -> 0 | K9: =IF(J9=0,I9,J9) -> 250 | L9: =IFERROR(_xlfn.NUMBERVALUE(SUBSTITUTE(K9, CHAR(160), "")) * _xlfn.NUMBERVALUE(SUBSTITUTE(D9, CHAR(160), "")), 0) -> 1500 | M9: =IFERROR(_xlfn.NUMBERVALUE(SUBSTITUTE(D9, CHAR(160), "")) * _xlfn.NUMBERVALUE(SUBSTITUTE(K9, CHAR(160), "")), 0) -> 1500
A10: =VLOOKUP(Sheet1!A14,Sheet1!A14:A32,1,FALSE) -> 1009 | B10: =VLOOKUP(Sheet1!A14,Sheet1!A14:C32,3,FALSE) -> P001 | C10: =VLOOKUP(Sheet1!A14,Sheet1!A14:D32,4,0) -> C006 | D10: =VLOOKUP(Sheet1!B14,Sheet1!B14:E32,4,0) -> 1 | E10: =VLOOKUP(B10,Sheet2!$A$2:$B$11,2,FALSE) -> Laptop Pro X | F10: =VLOOKUP(B10,Sheet2!$A$2:$C$11,3,FALSE) -> Electronics | G10: =VLOOKUP(C10,Sheet3!$A$2:$B$7,2,FALSE) -> Delta Systems | H10: =VLOOKUP(C10,Sheet3!$A$2:$C$7,3,FALSE) -> South | I10: =VLOOKUP(B10,Sheet2!$A$2:$D$11,4,FALSE) -> 1,200 | J10: {=_xlfn._xlws.FILTER(Sheet4!D:D,(Sheet4!B:B=B10)*(Sheet4!C:C=C10),0)} -> 0 | K10: =IF(J10=0,I10,J10) -> 1,200 | L10: =IFERROR(_xlfn.NUMBERVALUE(SUBSTITUTE(K10, CHAR(160), "")) * _xlfn.NUMBERVALUE(SUBSTITUTE(D10, CHAR(160), "")), 0) -> 1200 | M10: =IFERROR(_xlfn.NUMBERVALUE(SUBSTITUTE(D10, CHAR(160), "")) * _xlfn.NUMBERVALUE(SUBSTITUTE(K10, CHAR(160), "")), 0) -> 1200
A11: =VLOOKUP(Sheet1!A15,Sheet1!A15:A33,1,FALSE) -> 1010 | B11: =VLOOKUP(Sheet1!A15,Sheet1!A15:C33,3,FALSE) -> P008 | C11: =VLOOKUP(Sheet1!A15,Sheet1!A15:D33,4,0) -> C001 | D11: =VLOOKUP(Sheet1!B15,Sheet1!B15:E33,4,0) -> 10 | E11: =VLOOKUP(B11,Sheet2!$A$2:$B$11,2,FALSE) -> Whiteboard | F11: =VLOOKUP(B11,Sheet2!$A$2:$C$11,3,FALSE) -> Office Supplies | G11: =VLOOKUP(C11,Sheet3!$A$2:$B$7,2,FALSE) -> TechCorp GmbH | H11: =VLOOKUP(C11,Sheet3!$A$2:$C$7,3,FALSE) -> North | I11: =VLOOKUP(B11,Sheet2!$A$2:$D$11,4,FALSE) -> 80 | J11: {=_xlfn._xlws.FILTER(Sheet4!D:D,(Sheet4!B:B=B11)*(Sheet4!C:C=C11),0)} -> 0 | K11: =IF(J11=0,I11,J11) -> 80 | L11: =IFERROR(_xlfn.NUMBERVALUE(SUBSTITUTE(K11, CHAR(160), "")) * _xlfn.NUMBERVALUE(SUBSTITUTE(D11, CHAR(160), "")), 0) -> 800 | M11: =IFERROR(_xlfn.NUMBERVALUE(SUBSTITUTE(D11, CHAR(160), "")) * _xlfn.NUMBERVALUE(SUBSTITUTE(K11, CHAR(160), "")), 0) -> 800
A12: =VLOOKUP(Sheet1!A16,Sheet1!A16:A34,1,FALSE) -> 1011 | B12: =VLOOKUP(Sheet1!A16,Sheet1!A16:C34,3,FALSE) -> P005 | C12: =VLOOKUP(Sheet1!A16,Sheet1!A16:D34,4,0) -> C004 | D12: =VLOOKUP(Sheet1!B16,Sheet1!B16:E34,4,0) -> 12 | E12: =VLOOKUP(B12,Sheet2!$A$2:$B$11,2,FALSE) -> Headphones | F12: =VLOOKUP(B12,Sheet2!$A$2:$C$11,3,FALSE) -> Electronics | G12: =VLOOKUP(C12,Sheet3!$A$2:$B$7,2,FALSE) -> Alpine Supplies | H12: =VLOOKUP(C12,Sheet3!$A$2:$C$7,3,FALSE) -> West | I12: =VLOOKUP(B12,Sheet2!$A$2:$D$11,4,FALSE) -> 120 | J12: {=_xlfn._xlws.FILTER(Sheet4!D:D,(Sheet4!B:B=B12)*(Sheet4!C:C=C12),0)} -> 105 | K12: =IF(J12=0,I12,J12) -> 105 | L12: =IFERROR(_xlfn.NUMBERVALUE(SUBSTITUTE(K12, CHAR(160), "")) * _xlfn.NUMBERVALUE(SUBSTITUTE(D12, CHAR(160), "")), 0) -> 1260 | M12: =IFERROR(_xlfn.NUMBERVALUE(SUBSTITUTE(D12, CHAR(160), "")) * _xlfn.NUMBERVALUE(SUBSTITUTE(K12, CHAR(160), "")), 0) -> 1260
A13: =VLOOKUP(Sheet1!A17,Sheet1!A17:A35,1,FALSE) -> 1012 | B13: =VLOOKUP(Sheet1!A17,Sheet1!A17:C35,3,FALSE) -> P009 | C13: =VLOOKUP(Sheet1!A17,Sheet1!A17:D35,4,0) -> C002 | D13: =VLOOKUP(Sheet1!B17,Sheet1!B17:E35,4,0) -> 40 | E13: =VLOOKUP(B13,Sheet2!$A$2:$B$11,2,FALSE) -> Printer Ink | F13: =VLOOKUP(B13,Sheet2!$A$2:$C$11,3,FALSE) -> Office Supplies | G13: =VLOOKUP(C13,Sheet3!$A$2:$B$7,2,FALSE) -> BrightSales Ltd | H13: =VLOOKUP(C13,Sheet3!$A$2:$C$7,3,FALSE) -> South | I13: =VLOOKUP(B13,Sheet2!$A$2:$D$11,4,FALSE) -> 25 | J13: {=_xlfn._xlws.FILTER(Sheet4!D:D,(Sheet4!B:B=B13)*(Sheet4!C:C=C13),0)} -> 0 | K13: =IF(J13=0,I13,J13) -> 25 | L13: =IFERROR(_xlfn.NUMBERVALUE(SUBSTITUTE(K13, CHAR(160), "")) * _xlfn.NUMBERVALUE(SUBSTITUTE(D13, CHAR(160), "")), 0) -> 1000 | M13: =IFERROR(_xlfn.NUMBERVALUE(SUBSTITUTE(D13, CHAR(160), "")) * _xlfn.NUMBERVALUE(SUBSTITUTE(K13, CHAR(160), "")), 0) -> 1000
A14: =VLOOKUP(Sheet1!A18,Sheet1!A18:A36,1,FALSE) -> 1013 | B14: =VLOOKUP(Sheet1!A18,Sheet1!A18:C36,3,FALSE) -> P007 | C14: =VLOOKUP(Sheet1!A18,Sheet1!A18:D36,4,0) -> C005 | D14: =VLOOKUP(Sheet1!B18,Sheet1!B18:E36,4,0) -> 3 | E14: =VLOOKUP(B14,Sheet2!$A$2:$B$11,2,FALSE) -> Monitor 27" | F14: =VLOOKUP(B14,Sheet2!$A$2:$C$11,3,FALSE) -> Electronics | G14: =VLOOKUP(C14,Sheet3!$A$2:$B$7,2,FALSE) -> Metro Office | H14: =VLOOKUP(C14,Sheet3!$A$2:$C$7,3,FALSE) -> North | I14: =VLOOKUP(B14,Sheet2!$A$2:$D$11,4,FALSE) -> 400 | J14: {=_xlfn._xlws.FILTER(Sheet4!D:D,(Sheet4!B:B=B14)*(Sheet4!C:C=C14),0)} -> 0 | K14: =IF(J14=0,I14,J14) -> 400 | L14: =IFERROR(_xlfn.NUMBERVALUE(SUBSTITUTE(K14, CHAR(160), "")) * _xlfn.NUMBERVALUE(SUBSTITUTE(D14, CHAR(160), "")), 0) -> 1200 | M14: =IFERROR(_xlfn.NUMBERVALUE(SUBSTITUTE(D14, CHAR(160), "")) * _xlfn.NUMBERVALUE(SUBSTITUTE(K14, CHAR(160), "")), 0) -> 1200
... A21: =VLOOKUP(Sheet1!A25,Sheet1!A25:A43,1,FALSE) -> 1020 | B21: =VLOOKUP(Sheet1!A25,Sheet1!A25:C43,3,FALSE) -> P001 | C21: =VLOOKUP(Sheet1!A25,Sheet1!A25:D43,4,0) -> C005 | D21: =VLOOKUP(Sheet1!B25,Sheet1!B25:E43,4,0) -> 4 | E21: =VLOOKUP(B21,Sheet2!$A$2:$B$11,2,FALSE) -> Laptop Pro X | F21: =VLOOKUP(B21,Sheet2!$A$2:$C$11,3,FALSE) -> Electronics | G21: =VLOOKUP(C21,Sheet3!$A$2:$B$7,2,FALSE) -> Metro Office | H21: =VLOOKUP(C21,Sheet3!$A$2:$C$7,3,FALSE) -> North | I21: =VLOOKUP(B21,Sheet2!$A$2:$D$11,4,FALSE) -> 1,200 | J21: {=_xlfn._xlws.FILTER(Sheet4!D:D,(Sheet4!B:B=B21)*(Sheet4!C:C=C21),0)} -> 0 | K21: =IF(J21=0,I21,J21) -> 1,200 | L21: =IFERROR(_xlfn.NUMBERVALUE(SUBSTITUTE(K21, CHAR(160), "")) * _xlfn.NUMBERVALUE(SUBSTITUTE(D21, CHAR(160), "")), 0) -> 4800 | M21: =IFERROR(_xlfn.NUMBERVALUE(SUBSTITUTE(D21, CHAR(160), "")) * _xlfn.NUMBERVALUE(SUBSTITUTE(K21, CHAR(160), "")), 0) -> 4800

Sheet PVT_1
A3: Sum of Line Total € | B3: Category
A4: Region | B4: Accessories | C4: Electronics | D4: Furniture | E4: Office Supplies | F4: Grand Total
A5: East | C5: 3010 | D5: 1500 | F5: 4510
A6: North | B6: 525 | C6: 10870 | E6: 800 | F6: 12195
A7: South | C7: 5520 | D7: 1100 | E7: 1000 | F7: 7620
A8: West | C8: 1260 | D8: 3650 | F8: 4910
A9: Grand Total | B9: 525 | C9: 20660 | D9: 6250 | E9: 1800 | F9: 29235

Sheet PVT_2
A3: Product Name | B3: Sum of Line Total € | C3: Count of Units
A4: Laptop Pro X | B4: 11350 | C4: 4
A5: Standing Desk | B5: 3500 | C5: 2
A6: Monitor 27" | B6: 3000 | C6: 2
A7: Headphones | B7: 2940 | C7: 3
A8: Office Chair | B8: 2750 | C8: 2
A9: Wireless Mouse | B9: 2560 | C9: 3
A10: Printer Ink | B10: 1000 | C10: 1
A11: Webcam HD | B11: 810 | C11: 1
A12: Whiteboard | B12: 800 | C12: 1
A13: Laptop Stand | B13: 525 | C13: 1
A14: Grand Total | B14: 29235 | C14: 20

Sheet CHRT_1
A3: Product Name | B3: Std. Price € | C3: Sum of Revenue
A4: Headphones | B4: 120 | C4: 0.10056439
A5: Laptop Pro X | B5: 1,200 | C5: 0.38823328
A6: Laptop Stand | B6: 75 | C6: 0.017957927
A7: Monitor 27" | B7: 400 | C7: 0.10261673
A8: Office Chair | B8: 250 | C8: 0.094065333
A9: Printer Ink | B9: 25 | C9: 0.034205576
A10: Standing Desk | B10: 600 | C10: 0.11971951
A11: Webcam HD | B11: 90 | C11: 0.027706516
A12: Whiteboard | B12: 80 | C12: 0.02736446
A13: Wireless Mouse | B13: 45 | C13: 0.087566273

Sheet CHRT_2
A3: Product Name | B3: Sum of Revenue
A4: Headphones | B4: 2940
A5: Laptop Pro X | B5: 11350
A6: Laptop Stand | B6: 525
A7: Monitor 27" | B7: 3000
A8: Office Chair | B8: 2750
A9: Printer Ink | B9: 1000
A10: Standing Desk | B10: 3500
A11: Webcam HD | B11: 810
A12: Whiteboard | B12: 800
A13: Wireless Mouse | B13: 2560
A14: Grand Total | B14: 29235
